dataset_id	split_or_cohort	model_name	auc	brier	calibration_slope	calibration_intercept	n	n_events
MIMIC_IV_ED	internal_oof_cv	elasticnet_logistic_cv	0.7520643992436649	0.19460557828855046	1.0000670403067973	1.2426663315863885e-05	19913	7875
NHAMCS_ED_2019	external_validation	elasticnet_logistic_cv	0.765860157913308	0.13488570956062204	1.1402403213084011	-1.4196445597760616	806	88
