dataset_id	split_or_cohort	model_name	auc	brier	calibration_slope	calibration_intercept	n	n_events
MIMIC_IV_ED	internal_oof_cv	elasticnet_logistic_cv	0.7520712452893878	0.19460332457883175	1.0000446748045386	-4.3945604844515714e-05	19913	7875
NHAMCS_ED_2019	external_validation	elasticnet_logistic_cv	0.7765731830843252	0.13279920599899875	1.1078188154420119	-1.4982349074361334	806	88
