dataset_id	split_or_cohort	model_name	n_bootstrap	seed	auc_ci_low	auc_ci_high	brier_ci_low	brier_ci_high	calibration_slope_ci_low	calibration_slope_ci_high	calibration_intercept_ci_low	calibration_intercept_ci_high
MIMIC_IV_ED	internal_oof_cv	elasticnet_logistic_cv	200	7	0.7466105744997487	0.7591046840014369	0.1917861046447531	0.19687260790512828	0.971447724483328	1.0376257151548949	-0.034028105786833955	0.031467994171530844
NHAMCS_ED_2019	external_validation	elasticnet_logistic_cv	200	7	0.7200193219126102	0.8299423015526006	0.12239543178359581	0.14316922289437703	0.8266134266279795	1.4052358203675568	-1.7531456855423733	-1.276368539345426
