dataset_id	split_or_cohort	model_name	auc	brier	calibration_slope	calibration_intercept	n	n_events
MIMIC_IV_ED	internal_oof_cv	elasticnet_logistic_cv	0.7520660553749107	0.19460442471933134	1.0001242917955737	3.828206200590448e-05	19913	7875
NHAMCS_ED_2016_2022	external_validation	elasticnet_logistic_cv	0.7637261895017481	0.13895979144838413	1.084487377981173	-1.4873717060890383	5071	570
