dataset_id	split_or_cohort	model_name	auc	brier	calibration_slope	calibration_intercept	n	n_events
MIMIC_IV_ED	internal_oof_cv	elasticnet_logistic_cv	0.7520718254627541	0.19460307794802198	1.0001803974566799	0.00010699336895592798	19913	7875
NHAMCS_ED_2017	external_validation	elasticnet_logistic_cv	0.7809837078899731	0.13366562459645964	1.1378172333049077	-1.5999534594391889	709	71
