dataset_id	split_or_cohort	model_name	auc	brier	calibration_slope	calibration_intercept	n	n_events
MIMIC_IV_ED	internal_oof_cv	elasticnet_logistic_cv	0.7520680807073896	0.19460444844174168	1.0000734368028235	0.00023345241833671454	19913	7875
NHAMCS_ED_2018	external_validation	elasticnet_logistic_cv	0.7323506646121531	0.14336701195471366	1.0090210868565141	-1.4580412914290026	807	94
