dataset_id	split_or_cohort	model_name	auc	brier	calibration_slope	calibration_intercept	n	n_events
MIMIC_IV_ED	internal_oof_cv	elasticnet_logistic_cv	0.7520649583198179	0.19460555966808205	1.0000544178283437	8.860744478931138e-05	19913	7875
NHAMCS_ED_2022	external_validation	elasticnet_logistic_cv	0.7540080609046126	0.13888487936745533	1.1427504780926803	-1.3740752268058791	657	77
