dataset_id	split_or_cohort	model_name	auc	brier	calibration_slope	calibration_intercept	n	n_events
MIMIC_IV_ED	internal_oof_cv	elasticnet_logistic_cv	0.7520679963185364	0.19460478057046274	1.0001551143828071	0.00015545013053411402	19913	7875
NHAMCS_ED_2016_2022	external_validation	elasticnet_logistic_cv	0.7594135245547078	0.14165743864199165	1.0949961401622392	-1.4980926139179316	5071	570
