dataset_id	split_or_cohort	model_name	auc	brier	calibration_slope	calibration_intercept	n	n_events
MIMIC_IV_ED	internal_oof_cv	elasticnet_logistic_cv	0.8103118315884273	0.1725706060406144	0.9773682147599306	4.453862960043971e-05	545	216
NHAMCS_ED_2019	external_validation	elasticnet_logistic_cv	0.6625	0.1855940198867839	0.460741503941192	-1.295173773611602	48	8
