dataset_id	split_or_cohort	model_name	auc	brier	calibration_slope	calibration_intercept	n	n_events
MIMIC_IV_ED	internal_oof_cv	elasticnet_logistic_cv	0.7519407168305656	0.1946464146522982	1.0139429875960058	0.005353398928003488	19913	7875
NHAMCS_ED_2017	external_validation	elasticnet_logistic_cv	0.7387973330059261	0.1426311288838059	0.9695083705740065	-1.493790561776628	709	71
