dataset_id	split_or_cohort	model_name	auc	brier	calibration_slope	calibration_intercept	n	n_events
MIMIC_IV_ED	internal_oof_cv	elasticnet_logistic_cv	0.7520665300622105	0.19460549636238447	1.0001185912178567	8.215090922375013e-05	19913	7875
NHAMCS_ED_2021	external_validation	elasticnet_logistic_cv	0.7882197589644399	0.142045908471699	1.2049184337589836	-1.3941329088119827	699	88
