dataset_id	split_or_cohort	model_name	auc	brier	calibration_slope	calibration_intercept	n	n_events
MIMIC_IV_ED	internal_oof_cv	elasticnet_logistic_cv	0.7520644519866981	0.1946053971332072	1.000063915234317	8.623616707986162e-05	19913	7875
NHAMCS_ED_2016	external_validation	elasticnet_logistic_cv	0.7526767299324792	0.13867938471032304	0.9774614166880444	-1.6935855113784284	810	80
